date,new_cases_smoothed_per_million,new_deaths_smoothed_per_million,weekly_hosp_admissions_per_million,new_vaccinations_smoothed_per_million
2020-01-23,,,,
2020-01-24,,,,
2020-01-25,,,,
2020-01-26,,,,
2020-01-27,,,,
2020-01-28,0.015,,,
2020-01-29,0.015,,,
2020-01-30,0.007,,,
2020-01-31,0.004,,,
2020-02-01,0.004,,,
2020-02-02,0.004,,,
2020-02-03,0.004,,,
2020-02-04,0.004,,,
2020-02-05,0.007,,,
2020-02-06,0.007,,,
2020-02-07,0.015,,,
2020-02-08,0.015,,,
2020-02-09,0.015,,,
2020-02-10,0.019,,,
2020-02-11,0.015,,,
2020-02-12,0.011,,,
2020-02-13,0.011,,,
2020-02-14,0.004,,,
2020-02-15,0.004,,,
2020-02-16,0.004,,,
2020-02-17,0.004,,,
2020-02-18,0.004,,,
2020-02-19,0.004,,,
2020-02-20,0.007,,,
2020-02-21,0.015,,,
2020-02-22,0.019,,,
2020-02-23,0.022,,,
2020-02-24,0.022,,,
2020-02-25,0.033,,,
2020-02-26,0.037,,,
2020-02-27,0.041,,,
2020-02-28,0.056,,,
2020-02-29,0.071,,,
2020-03-01,0.085,,,
2020-03-02,0.108,,,
2020-03-03,0.119,,,
2020-03-04,0.145,,,
2020-03-05,0.182,,,
2020-03-06,0.23,,,
2020-03-07,0.241,,,
2020-03-08,0.305,,,
2020-03-09,0.368,,,
2020-03-10,0.424,,,
2020-03-11,0.628,,,
2020-03-12,0.81,,,
2020-03-13,1.1,,,
2020-03-14,1.319,0.004,,
2020-03-15,1.594,0.004,,
2020-03-16,2.066,0.011,,
2020-03-17,2.56,0.019,,
2020-03-18,3.228,0.037,,
2020-03-19,3.938,0.041,,
2020-03-20,4.852,0.052,,
2020-03-21,6.471,0.063,,
2020-03-22,7.813,0.078,,
2020-03-23,9.652,0.093,,
2020-03-24,11.676,0.104,,
2020-03-25,12.902,0.134,,
2020-03-26,15.462,0.175,,
2020-03-27,17.416,0.189,,
2020-03-28,19.002,0.241,,
2020-03-29,20.782,0.282,,
2020-03-30,22.959,0.327,,
2020-03-31,24.942,0.438,,
2020-04-01,27.688,0.476,,
2020-04-02,30.578,0.613,,
2020-04-03,32.298,0.784,,
2020-04-04,33.806,1.029,,
2020-04-05,34.746,1.252,,
2020-04-06,35.746,1.434,,
2020-04-07,36.321,1.594,,
2020-04-08,36.039,1.839,,
2020-04-09,34.78,2.04,,
2020-04-10,34.081,2.192,,
2020-04-11,34.23,2.326,,
2020-04-12,34.798,2.452,,
2020-04-13,35.898,2.682,,
2020-04-14,37.016,2.898,,
2020-04-15,38.914,3.139,,
2020-04-16,40.348,3.262,,
2020-04-17,43.997,3.459,,
2020-04-18,44.554,3.533,,
2020-04-19,45.884,3.76,,
2020-04-20,45.568,3.812,,
2020-04-21,45.2,3.904,,
2020-04-22,45.568,3.942,,
2020-04-23,45.728,4.109,,
2020-04-24,43.922,4.209,,
2020-04-25,44.13,4.365,,
2020-04-26,42.314,4.243,,
2020-04-27,42.106,4.373,,
2020-04-28,41.857,4.543,,
2020-04-29,41.273,4.707,,
2020-04-30,40.642,4.822,,
2020-05-01,41.277,4.848,,
2020-05-02,40.438,4.829,,
2020-05-03,40.616,4.863,,
2020-05-04,39.576,4.963,,
2020-05-05,39.1,4.833,,
2020-05-06,38.457,4.699,,
2020-05-07,37.09,4.462,,
2020-05-08,34.821,4.376,,
2020-05-09,34.04,4.324,,
2020-05-10,33.219,4.257,,
2020-05-11,31.912,3.982,,
2020-05-12,30.879,3.875,,
2020-05-13,29.805,3.652,,
2020-05-14,29.207,3.555,,
2020-05-15,29.471,3.429,,
2020-05-16,29.504,3.254,,
2020-05-17,30.136,3.113,,
2020-05-18,30.366,2.976,,
2020-05-19,29.939,2.731,,
2020-05-20,30.047,2.753,,
2020-05-21,30.065,2.675,,
2020-05-22,29.393,2.597,,
2020-05-23,28.472,2.515,,
2020-05-24,27.524,2.511,,
2020-05-25,27.071,2.508,,
2020-05-26,26.198,2.548,,
2020-05-27,24.82,2.47,,
2020-05-28,23.601,2.53,,
2020-05-29,23.523,2.519,,
2020-05-30,22.985,2.389,,
2020-05-31,22.156,2.266,,
2020-06-01,21.532,2.092,,
2020-06-02,21.012,1.954,,
2020-06-03,20.258,1.802,,
2020-06-04,19.496,1.609,,
2020-06-05,17.483,1.404,,
2020-06-06,16.599,1.412,,
2020-06-07,15.417,1.356,,
2020-06-08,14.136,1.352,,
2020-06-09,13.419,1.297,,
2020-06-10,12.705,1.2,,
2020-06-11,12.074,1.077,,
2020-06-12,11.829,1.022,,
2020-06-13,11.149,0.903,,
2020-06-14,10.74,0.836,,
2020-06-15,10.465,0.765,,
2020-06-16,10.186,0.702,,
2020-06-17,9.808,0.669,,
2020-06-18,9.785,0.587,,
2020-06-19,9.514,0.565,,
2020-06-20,9.417,0.591,,
2020-06-21,9.44,0.583,,
2020-06-22,9.358,0.535,,
2020-06-23,9.206,0.554,,
2020-06-24,8.953,0.58,,
2020-06-25,8.537,0.617,,
2020-06-26,8.31,0.554,,
2020-06-27,8.634,0.468,,
2020-06-28,8.652,0.427,,
2020-06-29,8.433,0.438,,
2020-06-30,8.492,0.405,,
2020-07-01,8.128,0.338,,
2020-07-02,8.333,0.327,,
2020-07-03,8.299,0.323,,
2020-07-04,7.653,0.312,,
2020-07-05,7.073,0.293,,
2020-07-06,7.281,0.279,,
2020-07-07,7.203,0.253,,
2020-07-08,7.571,0.279,,
2020-07-09,7.515,0.256,,
2020-07-10,7.627,0.275,,
2020-07-11,7.671,0.275,,
2020-07-12,7.883,0.271,,
2020-07-13,8.589,0.253,,
2020-07-14,9.009,0.238,,
2020-07-15,9.325,0.227,,
2020-07-16,9.874,0.227,,
2020-07-17,10.547,0.234,,
2020-07-18,11.082,0.215,,
2020-07-19,11.227,0.215,,
2020-07-20,12.167,0.201,,
2020-07-21,12.293,0.204,,
2020-07-22,12.204,0.171,,
2020-07-23,13.147,0.16,,
2020-07-24,12.806,0.134,,
2020-07-25,12.627,0.13,,
2020-07-26,12.828,0.13,,
2020-07-27,12.219,0.163,,
2020-07-28,11.91,0.178,,
2020-07-29,12.352,0.178,,
2020-07-30,11.275,0.197,,
2020-07-31,11.331,0.197,,
2020-08-01,11.026,0.201,,
2020-08-02,10.569,0.197,,
2020-08-03,9.217,0.149,,
2020-08-04,10.376,0.149,,
2020-08-05,9.845,0.149,,
2020-08-06,9.425,0.126,,
2020-08-07,9.388,0.123,,
2020-08-08,9.332,0.119,,
2020-08-09,9.477,0.123,,
2020-08-10,10.651,0.149,,
2020-08-11,9.436,0.137,,
2020-08-12,9.343,0.137,,
2020-08-13,9.941,0.13,,
2020-08-14,9.83,0.126,,
2020-08-15,9.722,0.137,,
2020-08-16,9.544,0.141,,
2020-08-17,8.136,0.123,,
2020-08-18,10.146,0.149,,
2020-08-19,10.227,0.149,,
2020-08-20,9.306,0.141,,
2020-08-21,10.395,0.178,,
2020-08-22,10.369,0.16,,
2020-08-23,10.695,0.156,,
2020-08-24,12.69,0.178,,
2020-08-25,10.714,0.149,,
2020-08-26,11.193,0.145,,
2020-08-27,12.044,0.152,,
2020-08-28,11.513,0.145,,
2020-08-29,11.973,0.149,,
2020-08-30,12.029,0.141,,
2020-08-31,13.114,0.141,,
2020-09-01,13.731,0.137,,
2020-09-02,14.039,0.13,,
2020-09-03,14.696,0.13,,
2020-09-04,14.979,0.085,,
2020-09-05,15.176,0.082,,
2020-09-06,15.744,0.082,,
2020-09-07,13.456,0.059,,
2020-09-08,16.951,0.071,,
2020-09-09,16.725,0.078,,
2020-09-10,17.951,0.089,,
2020-09-11,18.608,,,
2020-09-12,19.571,0.097,,
2020-09-13,20.109,0.104,,
2020-09-14,23.497,0.141,,
2020-09-15,21.461,0.141,,
2020-09-16,23.312,0.145,,
2020-09-17,23.806,0.141,,
2020-09-18,25.537,0.178,,
2020-09-19,26.752,0.193,,
2020-09-20,28.082,0.189,,
2020-09-21,29.386,0.186,,
2020-09-22,30.437,0.189,,
2020-09-23,32.001,0.204,,
2020-09-24,33.171,0.212,,
2020-09-25,35.077,0.201,,
2020-09-26,37.555,0.193,,
2020-09-27,39.501,0.204,,
2020-09-28,41.444,0.227,,
2020-09-29,44.115,0.249,,
2020-09-30,46.33,0.282,,
2020-10-01,48.016,0.308,,
2020-10-02,49.402,0.617,,
2020-10-03,49.877,0.791,,
2020-10-04,50.631,0.836,,
2020-10-05,51.434,0.866,,
2020-10-06,52.277,0.895,,
2020-10-07,52.6,0.899,,
2020-10-08,54.525,0.906,,
2020-10-09,55.595,0.624,,
2020-10-10,55.569,0.528,,
2020-10-11,56.445,0.513,,
2020-10-12,53.124,0.476,,
2020-10-13,57.995,0.498,,
2020-10-14,59.596,0.513,,
2020-10-15,59.934,0.509,,
2020-10-16,59.878,0.568,,
2020-10-17,59.986,0.535,,
2020-10-18,60.12,0.55,,
2020-10-19,66.123,0.617,,
2020-10-20,62.434,0.576,,
2020-10-21,62.88,0.632,,
2020-10-22,63.084,0.684,,
2020-10-23,65.555,0.68,,
2020-10-24,66.413,0.717,,
2020-10-25,66.402,0.758,,
2020-10-26,70.447,0.762,,
2020-10-27,71.458,0.799,,
2020-10-28,72.264,0.795,,
2020-10-29,73.78,0.802,,
2020-10-30,74.976,0.862,,
2020-10-31,76.12,0.914,,
2020-11-01,78.301,0.944,,
2020-11-02,74.861,0.925,,
2020-11-03,82.187,1.036,,
2020-11-04,82.123,1.055,,
2020-11-05,86.15,1.092,,
2020-11-06,91.285,1.133,,
2020-11-07,98.373,1.155,,
2020-11-08,103.704,1.211,,
2020-11-09,109.599,1.319,,
2020-11-10,109.302,1.337,,
2020-11-11,113.987,1.408,,
2020-11-12,119.377,1.531,,
2020-11-13,119.582,1.505,,
2020-11-14,119.786,1.564,,
2020-11-15,120.354,1.642,,
2020-11-16,123.798,1.701,,
2020-11-17,122.988,1.716,,
2020-11-18,125.195,1.869,,
2020-11-19,123.427,1.857,,
2020-11-20,124.203,1.917,,
2020-11-21,126.224,1.936,,
2020-11-22,128.189,1.88,,
2020-11-23,131.733,1.891,,
2020-11-24,135.474,1.984,,
2020-11-25,138.933,1.95,,
2020-11-26,142.079,1.999,,
2020-11-27,145.037,2.066,,
2020-11-28,147.841,2.084,,
2020-11-29,150.884,2.155,,
2020-11-30,154.235,2.262,,
2020-12-01,155.609,2.21,,
2020-12-02,158.295,2.262,,
2020-12-03,160.773,2.281,,
2020-12-04,164.317,2.329,,
2020-12-05,166.543,2.352,,
2020-12-06,168.318,2.363,,
2020-12-07,168.842,2.433,,
2020-12-08,170.555,2.504,,
2020-12-09,170.54,2.515,,
2020-12-10,170.67,2.634,,
2020-12-11,171.394,2.771,,
2020-12-12,171.365,2.838,,
2020-12-13,171.591,2.842,,
2020-12-14,174.303,2.909,,
2020-12-15,174.638,2.95,,19.0
2020-12-16,176.324,3.017,,39.0
2020-12-17,179.374,3.109,,63.0
2020-12-18,180.028,3.069,,73.0
2020-12-19,180.021,3.087,,64.0
2020-12-20,180.307,3.117,,57.0
2020-12-21,176.9,2.994,,78.0
2020-12-22,177.543,3.046,,97.0
2020-12-23,177.063,3.109,,121.0
2020-12-24,173.23,3.095,,143.0
2020-12-25,168.512,3.035,,139.0
2020-12-26,165.554,3.028,,135.0
2020-12-27,163.604,3.154,,146.0
2020-12-28,158.559,3.161,,141.0
2020-12-29,169.262,3.462,,168.0
2020-12-30,173.07,3.314,,167.0
2020-12-31,175.455,3.191,,187.0
2021-01-01,176.974,3.106,,210.0
2021-01-02,178.598,3.117,,228.0
2021-01-03,193.759,2.92,,234.0
2021-01-04,206.564,3.366,,297.0
2021-01-05,199.591,3.158,,315.0
2021-01-06,204.038,3.273,,388.0
2021-01-07,212.345,3.54,,468.0
2021-01-08,221.844,3.715,,589.0
2021-01-09,225.841,3.815,,706.0
2021-01-10,213.875,3.986,,774.0
2021-01-11,205.342,3.589,,829.0
2021-01-12,202.649,3.596,,879.0
2021-01-13,195.887,3.763,,887.0
2021-01-14,187.67,3.63,,907.0
2021-01-15,180.459,3.804,,936.0
2021-01-16,176.413,3.745,,942.0
2021-01-17,170.767,3.834,,961.0
2021-01-18,165.658,3.834,,972.0
2021-01-19,160.134,3.797,,1002.0
2021-01-20,155.465,3.823,,1051.0
2021-01-21,151.096,3.797,,1052.0
2021-01-22,146.337,3.793,,1010.0
2021-01-23,140.768,3.804,,971.0
2021-01-24,137.261,3.767,,919.0
2021-01-25,134.687,3.771,,853.0
2021-01-26,131.15,3.789,,817.0
2021-01-27,126.012,3.407,,742.0
2021-01-28,121.558,3.63,,675.0
2021-01-29,117.917,3.485,,614.0
2021-01-30,115.692,3.574,,568.0
2021-01-31,112.954,3.425,,533.0
2021-02-01,107.972,3.343,,514.0
2021-02-02,105.245,3.098,,447.0
2021-02-03,102.088,3.31,,412.0
2021-02-04,99.431,3.154,,392.0
2021-02-05,96.742,3.002,,399.0
2021-02-06,94.022,2.823,,423.0
2021-02-07,91.701,2.731,,455.0
2021-02-08,89.825,2.597,,466.0
2021-02-09,87.291,2.586,,523.0
2021-02-10,87.321,2.411,,583.0
2021-02-11,85.266,2.136,,636.0
2021-02-12,82.837,2.054,,688.0
2021-02-13,81.165,1.954,,734.0
2021-02-14,79.798,1.954,,743.0
2021-02-15,74.084,1.817,,703.0
2021-02-16,77.911,1.813,,700.0
2021-02-17,75.132,1.601,,668.0
2021-02-18,75.407,1.523,,645.0
2021-02-19,74.794,1.538,,694.0
2021-02-20,74.987,1.493,,760.0
2021-02-21,75.722,1.415,,853.0
2021-02-22,81.689,1.482,,1044.0
2021-02-23,78.141,1.356,,1133.0
2021-02-24,78.877,1.382,,1226.0
2021-02-25,77.773,1.363,,1342.0
2021-02-26,77.662,1.259,,1409.0
2021-02-27,77.398,1.226,,1448.0
2021-02-28,76.391,1.189,,1465.0
2021-03-01,76.161,1.092,,1456.0
2021-03-02,76.276,1.051,,1553.0
2021-03-03,75.879,1.107,,1659.0
2021-03-04,76.198,1.062,,1737.0
2021-03-05,76.941,1.029,,1804.0
2021-03-06,77.506,0.94,,1847.0
2021-03-07,78.368,0.91,,1889.0
2021-03-08,79.311,0.962,,1989.0
2021-03-09,79.226,0.962,,1972.0
2021-03-10,80.184,0.854,,1988.0
2021-03-11,80.923,0.817,,2059.0
2021-03-12,82.617,0.788,,2155.0
2021-03-13,83.219,0.821,,2276.0
2021-03-14,83.346,0.832,,2409.0
2021-03-15,83.788,0.814,,2551.0
2021-03-16,85.448,0.799,,2740.0
2021-03-17,87.009,0.814,,2970.0
2021-03-18,88.825,0.814,,3189.0
2021-03-19,90.965,0.791,,3386.0
2021-03-20,92.834,0.776,,3488.0
2021-03-21,95.449,0.791,,3479.0
2021-03-22,99.914,0.821,,3559.0
2021-03-23,102.017,0.802,,3578.0
2021-03-24,107.096,0.762,,3695.0
2021-03-25,111.702,0.743,,3821.0
2021-03-26,116.398,0.776,,4020.0
2021-03-27,119.381,0.776,,4156.0
2021-03-28,122.802,0.758,,4371.0
2021-03-29,128.457,0.684,,4528.0
2021-03-30,132.877,0.71,,4708.0
2021-03-31,138.528,0.743,,4901.0
2021-04-01,142.938,0.788,,4968.0
2021-04-02,139.252,0.758,,4792.0
2021-04-03,146.088,0.736,,4883.0
2021-04-04,147.399,0.721,,4783.0
2021-04-05,150.769,0.724,,4758.0
2021-04-06,172.854,0.799,,4862.0
2021-04-07,178.94,0.795,,4902.0
2021-04-08,188.305,0.776,,5088.0
2021-04-09,205.297,0.821,,5582.0
2021-04-10,212.738,0.88,,5763.0
2021-04-11,223.155,0.895,,5994.0
2021-04-12,233.762,0.97,,6570.0
2021-04-13,222.68,0.932,,6830.0
2021-04-14,227.167,1.01,,7067.0
2021-04-15,230.44,1.074,,7252.0
2021-04-16,227.004,1.077,,7320.0
2021-04-17,226.495,1.129,,7363.0
2021-04-18,226.517,1.144,,7428.0
2021-04-19,223.668,1.155,,7152.0
2021-04-20,222.579,1.193,,7027.0
2021-04-21,218.315,1.181,,7101.0
2021-04-22,215.629,1.196,,7311.0
2021-04-23,215.473,1.271,,7467.0
2021-04-24,213.08,1.248,,7593.0
2021-04-25,210.888,1.271,,7711.0
2021-04-26,207.329,1.326,,7714.0
2021-04-27,205.843,1.308,,7800.0
2021-04-28,206.04,1.315,,7602.0
2021-04-29,203.533,1.289,,7381.0
2021-04-30,202.567,1.248,,7075.0
2021-05-01,204.729,1.241,,6872.0
2021-05-02,203.013,1.245,,6652.0
2021-05-03,201.783,1.178,,6517.0
2021-05-04,199.547,1.23,,6415.0
2021-05-05,197.503,1.237,,6493.0
2021-05-06,196.482,1.189,,6691.0
2021-05-07,195.664,1.152,,7129.0
2021-05-08,190.883,1.14,,7483.0
2021-05-09,188.639,1.211,,7853.0
2021-05-10,183.535,1.267,,8260.0
2021-05-11,180.492,1.181,,8516.0
2021-05-12,176.387,1.181,,8753.0
2021-05-13,169.957,1.248,,8892.0
2021-05-14,163.515,1.263,,9022.0
2021-05-15,157.251,1.263,,9160.0
2021-05-16,152.548,1.196,,9332.0
2021-05-17,145.308,1.114,,9538.0
2021-05-18,138.989,1.129,,9475.0
2021-05-19,132.955,1.107,,9509.0
2021-05-20,125.994,1.062,,9523.0
2021-05-21,120.269,1.088,,9711.0
2021-05-22,115.213,1.096,,9804.0
2021-05-23,109.871,1.051,,9773.0
2021-05-24,100.141,1.036,,9644.0
2021-05-25,96.857,1.137,,9528.0
2021-05-26,88.911,1.096,,9394.0
2021-05-27,83.517,1.114,,9367.0
2021-05-28,77.844,1.033,,9271.0
2021-05-29,73.817,1.022,,9107.0
2021-05-30,70.18,1.044,,9139.0
2021-05-31,70.091,1.062,,9260.0
2021-06-01,63.898,0.899,,9483.0
2021-06-02,61.464,0.932,,9570.0
2021-06-03,58.229,0.866,,9648.0
2021-06-04,54.027,0.888,,9654.0
2021-06-05,50.88,0.869,,9772.0
2021-06-06,48.414,0.788,,9790.0
2021-06-07,45.122,0.795,,9858.0
2021-06-08,43.428,0.836,,9999.0
2021-06-09,41.114,0.858,,10213.0
2021-06-10,38.45,0.851,,10447.0
2021-06-11,36.726,0.769,,10602.0
2021-06-12,35.467,0.75,,10751.0
2021-06-13,34.479,0.769,,10954.0
2021-06-14,32.952,0.684,,11099.0
2021-06-15,31.451,0.672,,11454.0
2021-06-16,29.389,0.583,,11679.0
2021-06-17,28.126,0.516,,11789.0
2021-06-18,26.789,0.509,,11911.0
2021-06-19,25.232,0.52,,11920.0
2021-06-20,24.107,0.539,,11815.0
2021-06-21,22.739,0.524,,11662.0
2021-06-22,21.558,0.676,,11751.0
2021-06-23,20.41,0.65,,11943.0
2021-06-24,18.961,0.669,,12259.0
2021-06-25,17.657,0.646,,12207.0
2021-06-26,16.829,0.594,,12290.0
2021-06-27,16.026,0.561,,12324.0
2021-06-28,16.13,0.565,,13432.0
2021-06-29,16.041,0.446,,13861.0
2021-06-30,15.451,0.446,,14195.0
2021-07-01,13.846,0.453,,13712.0
2021-07-02,13.913,0.524,,13880.0
2021-07-03,13.411,0.498,,13571.0
2021-07-04,13.002,0.494,,13428.0
2021-07-05,12.486,0.483,,13045.0
2021-07-06,11.658,0.398,,12653.0
2021-07-07,11.695,0.342,,12269.0
2021-07-08,12.612,0.338,,12861.0
2021-07-09,12.159,0.301,,12782.0
2021-07-10,12.018,0.297,,12799.0
2021-07-11,11.929,0.282,,12668.0
2021-07-12,11.487,0.264,,12308.0
2021-07-13,11.338,0.256,,12059.0
2021-07-14,10.461,0.264,,11774.0
2021-07-15,10.179,0.249,,11093.0
2021-07-16,9.555,0.26,,10669.0
2021-07-17,9.555,0.241,,10431.0
2021-07-18,9.637,0.238,,10207.0
2021-07-19,10.049,0.241,,9915.0
2021-07-20,10.012,0.215,,9616.0
2021-07-21,10.807,0.201,,9464.0
2021-07-22,10.61,0.201,,9251.0
2021-07-23,11.461,0.186,,8966.0
2021-07-24,11.561,0.189,,8769.0
2021-07-25,11.572,0.178,,8663.0
2021-07-26,12.98,0.178,,8533.0
2021-07-27,13.868,0.193,,8325.0
2021-07-28,15.001,0.215,,7916.0
2021-07-29,16.996,0.186,,7502.0
2021-07-30,18.148,0.197,,7140.0
2021-07-31,18.512,0.201,,6889.0
2021-08-01,18.831,0.193,,6697.0
2021-08-02,16.573,0.182,,5593.0
2021-08-03,21.907,0.175,,5591.0
2021-08-04,22.836,0.178,,5188.0
2021-08-05,25.284,0.227,,4888.0
2021-08-06,27.959,0.23,,4582.0
2021-08-07,28.877,0.241,,4381.0
2021-08-08,30.173,0.256,,4213.0
2021-08-09,39.539,0.286,,4553.0
2021-08-10,37.261,0.282,,4025.0
2021-08-11,40.924,0.26,,3913.0
2021-08-12,43.049,0.204,,3776.0
2021-08-13,46.069,0.163,,3671.0
2021-08-14,47.381,0.141,,3628.0
2021-08-15,48.124,,,3620.0
2021-08-16,52.062,0.1,,3542.0
2021-08-17,54.131,0.137,,3542.0
2021-08-18,56.052,0.275,,3496.0
2021-08-19,58.801,0.342,,3439.0
2021-08-20,61.0,0.342,,3367.0
2021-08-21,62.456,0.334,,3311.0
2021-08-22,63.43,0.342,,3237.0
2021-08-23,66.74,0.409,,3075.0
2021-08-24,68.66,0.479,,2999.0
2021-08-25,71.911,0.349,,2926.0
2021-08-26,74.333,0.301,,2872.0
2021-08-27,77.075,0.375,,2825.0
2021-08-28,77.862,0.401,,2749.0
2021-08-29,78.765,0.405,,2712.0
2021-08-30,84.642,0.386,,2721.0
2021-08-31,87.246,0.312,,2593.0
2021-09-01,89.212,0.398,,2566.0
2021-09-02,91.091,0.472,,2460.0
2021-09-03,92.793,0.431,,2438.0
2021-09-04,92.93,0.438,,2443.0
2021-09-05,94.294,0.446,,2422.0
2021-09-06,76.142,0.394,,2099.0
2021-09-07,97.986,0.502,,2176.0
2021-09-08,97.752,0.539,,2127.0
2021-09-09,98.384,0.531,,2140.0
2021-09-10,99.944,0.609,,2099.0
2021-09-11,97.771,0.632,,2065.0
2021-09-12,101.456,0.658,,2047.0
2021-09-13,128.152,0.795,,2280.0
2021-09-14,110.439,0.728,,2171.0
2021-09-15,112.371,0.736,,2167.0
2021-09-16,113.883,0.71,,2161.0
2021-09-17,115.384,0.743,,2387.0
2021-09-18,118.616,0.736,,2371.0
2021-09-19,114.99,0.732,,2366.0
2021-09-20,114.529,0.728,,2515.0
2021-09-21,112.921,0.836,,2611.0
2021-09-22,111.732,0.862,,2674.0
2021-09-23,111.49,0.951,,2746.0
2021-09-24,109.547,0.929,,2772.0
2021-09-25,106.78,0.932,,2794.0
2021-09-26,104.161,0.929,,2841.0
2021-09-27,112.649,0.984,,2773.0
2021-09-28,111.743,0.992,,2695.0
2021-09-29,112.787,1.048,,2688.0
2021-09-30,109.726,1.044,,2628.0
2021-10-01,112.196,1.118,,2362.0
2021-10-02,114.496,1.152,,2310.0
2021-10-03,115.803,1.144,,2240.0
2021-10-04,104.889,1.126,,2178.0
2021-10-05,102.255,1.096,,2179.0
2021-10-06,100.126,1.088,,2271.0
2021-10-07,101.612,1.036,,2223.0
2021-10-08,97.607,0.984,,2238.0
2021-10-09,97.173,0.929,,2251.0
2021-10-10,97.563,0.929,,2259.0
2021-10-11,73.285,0.791,,1969.0
2021-10-12,88.591,0.892,,2092.0
2021-10-13,84.393,0.955,,1970.0
2021-10-14,81.447,1.04,,2021.0
2021-10-15,78.951,1.048,,2032.0
2021-10-16,78.368,1.066,,1994.0
2021-10-17,77.338,1.077,,1974.0
2021-10-18,92.187,1.297,,2284.0
2021-10-19,74.597,1.163,,2149.0
2021-10-20,74.868,1.022,,2118.0
2021-10-21,73.066,0.914,,2072.0
2021-10-22,69.845,0.97,,2041.0
2021-10-23,70.514,0.977,,2021.0
2021-10-24,71.272,0.951,,1994.0
2021-10-25,63.626,0.895,,1965.0
2021-10-26,61.869,0.884,,1993.0
2021-10-27,61.383,0.88,,1965.0
2021-10-28,60.595,0.97,,1945.0
2021-10-29,60.443,0.828,,1883.0
2021-10-30,60.48,0.814,,1865.0
2021-10-31,60.729,0.817,,1848.0
2021-11-01,59.562,0.81,,1790.0
2021-11-02,60.019,0.799,,1689.0
2021-11-03,59.053,0.791,,1693.0
2021-11-04,59.135,0.691,,1678.0
2021-11-05,59.273,0.669,,1656.0
2021-11-06,57.95,0.65,,1609.0
2021-11-07,56.724,0.672,,1585.0
2021-11-08,62.36,0.632,,1605.0
2021-11-09,64.41,0.598,,1663.0
2021-11-10,65.64,0.58,,1705.0
2021-11-11,61.695,0.565,,1566.0
2021-11-12,66.364,0.658,,1638.0
2021-11-13,66.598,0.687,,1654.0
2021-11-14,66.851,0.695,,1652.0
2021-11-15,65.016,0.71,,1647.0
2021-11-16,63.537,0.691,,1620.0
2021-11-17,63.11,0.672,,1577.0
2021-11-18,67.642,0.728,,1703.0
2021-11-19,63.656,0.639,,1610.0
2021-11-20,65.034,0.62,,1595.0
2021-11-21,65.662,0.598,,1575.0
2021-11-22,66.179,0.528,,1577.0
2021-11-23,67.185,0.565,,1473.0
2021-11-24,67.869,0.554,,1385.0
2021-11-25,73.661,0.513,,1368.0
2021-11-26,74.664,0.509,,1448.0
2021-11-27,75.912,0.509,,1582.0
2021-11-28,76.893,0.502,,1776.0
2021-11-29,75.44,0.535,,1941.0
2021-11-30,76.332,0.49,,2224.0
2021-12-01,78.635,0.498,,2466.0
2021-12-02,74.864,0.509,,2675.0
2021-12-03,77.134,0.516,,5621.0
2021-12-04,78.698,0.513,,5831.0
2021-12-05,80.838,0.502,,5944.0
2021-12-06,84.23,0.483,,6109.0
2021-12-07,86.596,0.52,,6371.0
2021-12-08,88.528,0.513,,6615.0
2021-12-09,92.741,0.516,,6797.0
2021-12-10,90.694,0.531,,4422.0
2021-12-11,102.285,0.535,,4472.0
2021-12-12,106.821,0.561,,4482.0
2021-12-13,112.081,0.524,,4550.0
2021-12-14,119.455,0.528,,4842.0
2021-12-15,131.507,0.528,,5135.0
2021-12-16,144.164,0.505,,5576.0
2021-12-17,169.92,0.49,,5892.0
2021-12-18,179.434,0.483,,6364.0
2021-12-19,197.47,0.468,,6750.0
2021-12-20,232.194,0.453,,7219.0
2021-12-21,265.261,0.431,,7882.0
2021-12-22,308.797,0.442,,8518.0
2021-12-23,375.822,0.442,,9171.0
2021-12-24,432.164,0.42,,9290.0
2021-12-25,471.996,0.416,,8740.0
2021-12-26,508.358,0.435,,8007.0
2021-12-27,534.133,0.468,,7033.0
2021-12-28,585.934,0.494,,6459.0
2021-12-29,720.268,0.52,,6768.0
2021-12-30,783.382,0.554,,6291.0
2021-12-31,849.33,0.646,,6179.0
2022-01-01,901.288,0.695,,6241.0
2022-01-02,945.177,0.769,,6272.0
2022-01-03,996.938,0.78,,6465.0
2022-01-04,1075.629,0.806,,7382.0
2022-01-05,1019.38,1.007,,6923.0
2022-01-06,1015.386,1.129,,7212.0
2022-01-07,1024.878,1.293,,7563.0
2022-01-08,1010.093,1.334,,8186.0
2022-01-09,996.288,1.467,,8924.0
2022-01-10,1078.537,1.713,,9991.0
2022-01-11,1017.552,1.936,,9583.0
2022-01-12,998.806,2.066,,9623.0
2022-01-13,960.572,2.251,,9642.0
2022-01-14,942.067,2.437,,9554.0
2022-01-15,901.63,2.846,,9472.0
2022-01-16,860.784,2.846,,9456.0
2022-01-17,797.428,3.028,,9560.0
2022-01-18,752.897,3.232,,8985.0
2022-01-19,710.542,3.436,,8796.0
2022-01-20,678.515,3.812,,8385.0
2022-01-21,606.753,3.923,,8063.0
2022-01-22,590.541,3.86,,7820.0
2022-01-23,553.358,3.823,,7674.0
2022-01-24,472.018,3.864,,7263.0
2022-01-25,502.121,4.217,,7502.0
2022-01-26,443.357,3.945,,7154.0
2022-01-27,463.544,4.276,,6932.0
2022-01-28,446.255,4.246,,6700.0
2022-01-29,426.391,4.246,,6541.0
2022-01-30,433.902,4.317,,6413.0
2022-01-31,440.474,4.287,,6443.0
2022-02-01,377.208,3.975,,5947.0
2022-02-02,405.806,4.231,,5698.0
2022-02-03,349.234,3.752,,5421.0
2022-02-04,336.451,3.767,,5089.0
2022-02-05,329.716,3.674,,4880.0
2022-02-06,322.706,3.708,,4711.0
2022-02-07,303.273,3.622,,4234.0
2022-02-08,296.225,3.481,,3940.0
2022-02-09,277.55,3.369,,3694.0
2022-02-10,267.182,3.169,,3523.0
2022-02-11,246.025,3.102,,3391.0
2022-02-12,257.991,3.139,,3274.0
2022-02-13,251.348,2.942,,3171.0
2022-02-14,237.005,2.857,,2680.0
2022-02-15,223.69,2.775,,2813.0
2022-02-16,214.146,2.656,,2670.0
2022-02-17,202.31,2.552,,2522.0
2022-02-18,199.873,2.322,,2370.0
2022-02-19,176.469,1.976,,2287.0
2022-02-20,172.134,1.969,,2225.0
2022-02-21,140.437,1.664,,2088.0
2022-02-22,146.14,1.646,,2018.0
2022-02-23,153.778,1.583,,1944.0
2022-02-24,148.451,1.538,,1826.0
2022-02-25,155.453,1.768,,1755.0
2022-02-26,149.019,1.835,,1696.0
2022-02-27,153.239,1.835,,1662.0
2022-02-28,169.073,1.976,,2816.0
2022-03-01,158.37,1.75,,2472.0
2022-03-02,143.885,1.75,,2348.0
2022-03-03,153.522,1.731,,2269.0
2022-03-04,156.757,1.62,,2238.0
2022-03-05,161.903,1.657,,2179.0
2022-03-06,158.295,1.661,,2120.0
2022-03-07,160.287,1.657,,1018.0
2022-03-08,156.731,1.727,,937.0
2022-03-09,159.807,1.605,,924.0
2022-03-10,149.599,1.534,,902.0
2022-03-11,144.23,,,812.0
2022-03-12,139.13,1.085,,798.0
2022-03-13,134.598,1.025,,788.0
2022-03-14,119.986,0.977,,773.0
2022-03-15,138.108,0.944,,797.0
2022-03-16,132.718,0.851,,789.0
2022-03-17,127.487,0.821,,770.0
2022-03-18,109.96,1.044,,759.0
2022-03-19,114.355,1.003,,750.0
2022-03-20,117.549,0.992,,781.0
2022-03-21,131.039,0.977,,734.0
2022-03-22,132.655,0.929,,713.0
2022-03-23,138.353,0.94,,736.0
2022-03-24,148.956,1.04,,708.0
2022-03-25,169.775,0.999,,693.0
2022-03-26,174.853,1.018,,686.0
2022-03-27,180.058,1.01,,646.0
2022-03-28,172.617,0.936,,636.0
2022-03-29,176.685,0.944,,620.0
2022-03-30,192.109,1.014,,648.0
2022-03-31,198.566,0.903,,752.0
2022-04-01,211.665,0.977,,792.0
2022-04-02,221.472,0.996,,825.0
2022-04-03,217.486,1.025,,849.0
2022-04-04,196.719,0.999,,806.0
2022-04-05,190.564,1.029,,828.0
2022-04-06,185.274,1.085,,844.0
2022-04-07,174.976,1.14,,851.0
2022-04-08,128.65,0.921,,941.0
2022-04-09,160.424,1.107,,1069.0
2022-04-10,150.836,1.1,,1170.0
2022-04-11,149.246,1.062,,1219.0
2022-04-12,116.167,0.918,,1348.0
2022-04-13,317.245,1.159,,1536.0
2022-04-14,365.264,1.43,,1661.0
2022-04-15,,1.542,,1776.0
2022-04-16,369.425,1.378,,1695.0
2022-04-17,376.625,1.404,,1666.0
2022-04-18,420.618,1.441,,1595.0
2022-04-19,449.94,1.519,,1526.0
2022-04-20,263.281,1.389,,1603.0
2022-04-21,231.963,1.356,,2104.0
2022-04-22,296.196,1.56,,2058.0
2022-04-23,251.854,1.631,,2178.0
2022-04-24,261.955,1.646,,2182.0
2022-04-25,231.897,1.653,,2239.0
2022-04-26,230.771,1.731,,2286.0
2022-04-27,229.478,1.765,,2219.0
2022-04-28,221.981,1.824,,1837.0
2022-04-29,203.18,1.783,,1795.0
2022-04-30,198.369,1.701,,1747.0
2022-05-01,190.798,1.69,,1708.0
2022-05-02,186.277,1.653,,1677.0
2022-05-03,178.72,1.646,,1629.0
2022-05-04,170.224,1.765,,1601.0
2022-05-05,165.179,1.846,,1573.0
2022-05-06,153.072,1.813,,1535.0
2022-05-07,149.365,1.883,,1507.0
2022-05-08,147.6,1.843,,1497.0
2022-05-09,145.761,1.839,,1497.0
2022-05-10,141.422,1.88,,1489.0
2022-05-11,131.8,1.839,,1447.0
2022-05-12,125.656,1.824,,1308.0
2022-05-13,121.201,1.861,,1188.0
2022-05-14,115.034,1.772,,1153.0
2022-05-15,109.425,1.765,,1170.0
2022-05-16,104.978,1.776,,1139.0
2022-05-17,112.185,1.664,,1212.0
2022-05-18,104.135,1.523,,1175.0
2022-05-19,100.215,1.672,,1439.0
2022-05-20,93.016,1.661,,1488.0
2022-05-21,95.189,1.635,,1453.0
2022-05-22,96.902,1.623,,1376.0
2022-05-23,94.531,1.605,,1368.0
2022-05-24,78.657,1.527,,1209.0
2022-05-25,73.115,1.512,,1145.0
2022-05-26,70.726,1.245,,967.0
2022-05-27,68.634,1.126,,946.0
2022-05-28,67.917,1.126,,926.0
2022-05-29,67.49,1.111,,925.0
2022-05-30,69.637,1.107,,945.0
2022-05-31,69.53,1.178,,969.0
2022-06-01,69.392,1.148,,942.0
2022-06-02,66.792,1.211,,897.0
2022-06-03,60.216,1.129,,861.0
2022-06-04,61.962,1.118,,826.0
2022-06-05,61.561,1.129,,815.0
2022-06-06,61.398,1.133,,805.0
2022-06-07,64.778,1.085,,792.0
2022-06-08,61.918,0.899,,738.0
2022-06-09,59.046,0.765,,753.0
2022-06-10,63.742,0.877,,749.0
2022-06-11,72.13,0.817,,747.0
2022-06-12,74.17,0.81,,730.0
2022-06-13,74.132,0.806,,729.0
2022-06-14,72.204,0.814,,724.0
2022-06-15,66.922,0.869,,731.0
2022-06-16,68.631,0.832,,703.0
2022-06-17,57.46,0.639,,689.0
2022-06-18,55.832,0.698,,683.0
2022-06-19,50.553,0.698,,679.0
2022-06-20,52.088,0.706,,681.0
2022-06-21,52.136,0.698,,678.0
2022-06-22,54.562,0.609,,661.0
2022-06-23,61.97,0.498,,666.0
2022-06-24,63.894,0.505,,690.0
2022-06-25,63.89,0.498,,680.0
2022-06-26,66.424,0.494,,679.0
2022-06-27,64.938,0.483,,673.0
2022-06-28,68.671,0.49,,671.0
2022-06-29,67.356,0.531,,633.0
2022-06-30,72.539,0.535,,416.0
2022-07-01,69.396,0.565,,408.0
2022-07-02,71.487,0.546,,361.0
2022-07-03,72.394,0.539,,361.0
2022-07-04,70.384,0.539,,363.0
2022-07-05,79.909,0.58,,373.0
2022-07-06,74.025,0.587,,471.0
2022-07-07,83.699,0.606,,773.0
2022-07-08,91.637,0.639,,758.0
2022-07-09,82.045,0.624,,901.0
2022-07-10,82.584,0.643,,931.0
2022-07-11,85.188,0.669,,943.0
2022-07-12,75.299,0.602,,959.0
2022-07-13,89.929,0.62,,1114.0
2022-07-14,124.597,0.606,,841.0
2022-07-15,132.365,0.698,,941.0
2022-07-16,134.311,0.765,,954.0
2022-07-17,130.333,0.773,,1012.0
2022-07-18,126.588,0.747,,1037.0
2022-07-19,154.235,0.914,,1098.0
2022-07-20,151.029,0.944,,1032.0
2022-07-21,122.516,0.958,,1272.0
2022-07-22,133.056,1.263,,1299.0
2022-07-23,131.83,1.215,,1322.0
2022-07-24,136.578,1.215,,1311.0
2022-07-25,141.225,1.23,,1316.0
2022-07-26,128.616,1.207,,1302.0
2022-07-27,126.38,1.155,,1849.0
2022-07-28,124.79,1.371,,1814.0
2022-07-29,113.552,0.999,,1733.0
2022-07-30,112.371,0.988,,1575.0
2022-07-31,111.13,0.966,,1523.0
2022-08-01,110.071,0.951,,1787.0
2022-08-02,103.667,0.854,,1723.0
2022-08-03,102.381,0.828,,1053.0
2022-08-04,,0.598,,1006.0
2022-08-05,124.222,0.762,,997.0
2022-08-06,123.233,0.762,,1075.0
2022-08-07,122.524,0.769,,1089.0
2022-08-08,121.725,0.788,,822.0
2022-08-09,108.203,0.814,,876.0
2022-08-10,107.515,0.847,,1004.0
2022-08-11,155.773,1.271,,809.0
2022-08-12,94.372,1.107,,782.0
2022-08-13,90.397,1.062,,772.0
2022-08-14,87.599,1.048,,763.0
2022-08-15,84.716,1.029,,731.0
2022-08-16,103.488,1.152,,706.0
2022-08-17,103.109,1.155,,902.0
2022-08-18,88.955,0.929,,1113.0
2022-08-19,92.462,1.114,,1215.0
2022-08-20,95.635,1.17,,1243.0
2022-08-21,97.942,1.17,,1236.0
2022-08-22,100.349,1.174,,1257.0
2022-08-23,87.339,1.036,,1276.0
2022-08-24,90.69,1.189,,1067.0
2022-08-25,84.2,1.282,,923.0
2022-08-26,77.576,1.148,,887.0
2022-08-27,77.182,1.126,,809.0
2022-08-28,76.919,1.129,,770.0
2022-08-29,76.295,1.126,,888.0
2022-08-30,77.747,1.245,,873.0
2022-08-31,71.19,1.137,,857.0
2022-09-01,78.572,1.167,,1000.0
2022-09-02,77.353,1.155,,983.0
2022-09-03,77.03,1.137,,992.0
2022-09-04,76.748,1.152,,995.0
2022-09-05,76.622,1.155,,945.0
2022-09-06,72.661,0.992,,872.0
2022-09-07,72.587,0.999,,831.0
2022-09-08,63.626,0.847,,733.0
2022-09-09,62.404,0.888,,712.0
2022-09-10,62.315,0.903,,697.0
2022-09-11,60.554,0.884,,699.0
2022-09-12,63.054,0.895,,760.0
2022-09-13,65.187,0.992,,825.0
2022-09-14,61.791,0.847,,843.0
2022-09-15,65.517,1.389,,895.0
2022-09-16,71.51,1.475,,955.0
2022-09-17,71.424,1.471,,979.0
2022-09-18,73.133,1.501,,988.0
2022-09-19,71.146,1.49,,1000.0
2022-09-20,73.601,1.438,,1026.0
2022-09-21,77.398,1.505,,1032.0
2022-09-22,75.444,0.973,,1160.0
2022-09-23,68.497,0.825,,1175.0
2022-09-24,68.939,0.854,,1192.0
2022-09-25,69.537,0.828,,1190.0
2022-09-26,69.689,0.832,,1210.0
2022-09-27,66.179,0.854,,1296.0
2022-09-28,68.274,0.88,,1504.0
2022-09-29,70.759,0.84,,1864.0
2022-09-30,62.672,0.754,,1954.0
2022-10-01,63.088,0.732,,2001.0
2022-10-02,63.002,0.743,,2050.0
2022-10-03,69.619,0.814,,2067.0
2022-10-04,73.913,0.828,,2030.0
2022-10-05,68.047,0.676,,1830.0
2022-10-06,69.548,0.739,,1829.0
2022-10-07,78.483,0.814,,1799.0
2022-10-08,78.81,0.802,,2172.0
2022-10-09,78.932,0.795,,2152.0
2022-10-10,72.643,0.721,,2116.0
2022-10-11,69.277,0.654,,1995.0
2022-10-12,79.497,0.884,,2253.0
2022-10-13,81.551,0.843,,2321.0
2022-10-14,88.859,1.07,,2319.0
2022-10-15,89.193,1.077,,1941.0
2022-10-16,89.457,1.085,,1961.0
2022-10-17,89.186,1.085,,1998.0
2022-10-18,89.914,1.174,,2146.0
2022-10-19,84.835,1.1,,2090.0
2022-10-20,83.918,1.252,,1985.0
2022-10-21,74.831,1.077,,2200.0
2022-10-22,73.858,1.092,,2307.0
2022-10-23,73.412,1.085,,2333.0
2022-10-24,76.068,1.404,,2364.0
2022-10-25,77.743,1.397,,2392.0
2022-10-26,77.19,1.434,,2476.0
2022-10-27,76.551,1.46,,2722.0
2022-10-28,83.234,1.631,,2549.0
2022-10-29,83.446,1.631,,2510.0
2022-10-30,83.353,1.635,,2501.0
2022-10-31,80.403,1.319,,2481.0
2022-11-01,77.628,1.304,,2446.0
2022-11-02,78.568,1.267,,2534.0
2022-11-03,78.271,1.271,,2499.0
2022-11-04,66.364,1.018,,2472.0
2022-11-05,63.326,0.973,,2448.0
2022-11-06,61.256,0.962,,2441.0
2022-11-07,73.04,1.107,,2414.0
2022-11-08,71.354,1.207,,2360.0
2022-11-09,69.318,1.263,,2111.0
2022-11-10,65.863,1.245,,1949.0
2022-11-11,64.656,1.267,,1859.0
2022-11-12,67.182,1.3,,1826.0
2022-11-13,69.091,1.304,,1818.0
2022-11-14,57.155,1.159,,1649.0
2022-11-15,64.834,1.445,,2134.0
2022-11-16,66.654,1.597,,2225.0
2022-11-17,60.409,1.564,,2057.0
2022-11-18,60.131,1.523,,2284.0
2022-11-19,60.075,1.512,,2264.0
2022-11-20,60.335,1.508,,2289.0
2022-11-21,65.172,1.609,,2473.0
2022-11-22,52.192,1.196,,2024.0
2022-11-23,52.805,0.988,,1958.0
2022-11-24,36.723,0.702,,2072.0
2022-11-25,37.83,0.669,,1888.0
2022-11-26,35.359,0.646,,1885.0
2022-11-27,33.19,0.646,,1839.0
2022-11-28,33.895,0.765,,1820.0
2022-11-29,30.541,0.676,,1790.0
2022-11-30,25.47,0.814,,1734.0
2022-12-01,65.387,1.051,,1605.0
2022-12-02,60.799,1.007,,1563.0
2022-12-03,60.799,1.007,,1526.0
2022-12-04,60.799,1.007,,1531.0
2022-12-05,83.375,1.389,,1508.0
2022-12-06,81.321,1.389,,1418.0
2022-12-07,87.016,1.289,,1436.0
2022-12-08,60.51,1.059,,1241.0
2022-12-09,67.323,1.267,,1153.0
2022-12-10,70.845,1.337,,1125.0
2022-12-11,73.839,1.341,,1097.0
2022-12-12,55.346,1.029,,962.0
2022-12-13,62.107,1.122,,1079.0
2022-12-14,60.209,1.144,,902.0
2022-12-15,48.874,1.349,,697.0
2022-12-16,47.92,1.211,,780.0
2022-12-17,48.243,1.155,,792.0
2022-12-18,48.447,1.163,,803.0
2022-12-19,46.125,0.951,,1148.0
2022-12-20,46.575,0.966,,1087.0
2022-12-21,46.642,0.97,,1256.0
2022-12-22,71.272,0.788,,1620.0
2022-12-23,81.273,1.259,,1567.0
2022-12-24,77.428,1.245,,1529.0
2022-12-25,74.229,1.233,,1480.0
2022-12-26,71.354,1.189,,1103.0
2022-12-27,66.996,1.088,,1014.0
2022-12-28,61.784,0.929,,735.0
2022-12-29,32.982,0.836,,288.0
2022-12-30,24.225,0.334,,269.0
2022-12-31,27.238,0.368,,289.0
2023-01-01,29.467,0.375,,294.0
2023-01-02,24.805,0.334,,294.0
2023-01-03,27.758,0.334,,318.0
2023-01-04,28.572,0.297,,328.0
2023-01-05,66.647,0.832,,467.0
2023-01-06,71.974,1.1,,475.0
2023-01-07,71.755,1.129,,577.0
2023-01-08,71.588,1.126,,605.0
2023-01-09,84.627,1.824,,661.0
2023-01-10,84.107,1.924,,691.0
2023-01-11,84.75,2.028,,992.0
2023-01-12,60.105,1.88,,977.0
2023-01-13,51.378,1.616,,911.0
2023-01-14,50.49,1.586,,
2023-01-15,,1.583,,
